Dam Name,Other Names,Former Names,NID ID,Other Structure ID,Federal ID,Owner Names,Owner Types,Primary Owner Type,Number of Associated Structures,Is Associated Structure?,Designer Names,Non-Federal Dam on Federal Property,Primary Purpose,Purposes,Source Agency,State or Federal Agency ID,Latitude,Longitude,State,County,City,Distance to Nearest City (Miles),River or Stream Name,Congressional District,American Indian/Alaska Native/Native Hawaiian,State Regulated Dam,State Jurisdictional Dam,State Regulatory Agency,State Permitting Authority,State Inspection Authority,State Enforcement Authority,Federally Regulated Dam,Federal Agency Owners,Federal Agency Involvement Funding,Federal Agency Involvement Design,Federal Agency Involvement Construction,Federal Agency Involvement Regulatory,Federal Agency Involvement Inspection,Federal Agency Involvement Operation,Federal Agency Involvement Other,Built Under the Authority of the Secretary of Agriculture,NRCS Watershed Dam Authorization,Primary Dam Type,Dam Types,Core Types,Foundation,Dam Height (Ft),Hydraulic Height (Ft),Structural Height (Ft),NID Height (Ft),NID Height Category,Dam Length (Ft),Volume (Cubic Yards),Year Completed,Year Completed Category,Years Modified,NID Storage (Acre-Ft),Max Storage (Acre-Ft),Normal Storage (Acre-Ft),Surface Area (Acres),Drainage Area (Sq Miles),Max Discharge (Cubic Ft/Second),Spillway Type,Spillway Width (Ft),Number of Locks,Length of Locks (ft),Lock Width (Ft),Length of Secondary Lock (Ft),Secondary Lock Width (Ft),Outlet Gate Type,Data Last Updated,Last Inspection Date,Inspection Frequency,Hazard Potential Classification,Condition Assessment,Condition Assessment Date,Operational Status,Operational Status Date,EAP Prepared,EAP Last Revision Date,Inundation Maps Added to NID?,Website URL,"Non-USACE Dam with USACE Flood Control Storage Authority (Section 7, Flood Control Act of 1944)"
Bonner Lake Dam,,,GA01984,,GA01984,U.S. Army Coe,Federal,Federal,0,No,,No,,,Georgia,052-002-00901,34.065833,-82.700833,Georgia,Elbert,,,,"Georgia, Congressional District 10",,No,No,,No,No,No,No,,,,,,,,,No,N/A,,,Unlisted/Unknown,Unlisted/Unknown,21,15,15,21,Less than 25 feet,225,,,Undetermined,,61,61,57,9,0,,Uncontrolled,,,,,,,Uncontrolled,04/20/2021,09/01/1984,,Undetermined,Not Rated,,,,Not Required,,No,https://damsafety.org/georgia,No
Lake Calion Dam,,,AR00591,,AR00591,"Corps of Engineers, Vicksburg District",Federal,Federal,0,No,,No,Recreation,Recreation,Arkansas,676,33.325,-92.5283333333333,Arkansas,Union,Calion,,Tom Creek,"Arkansas, Congressional District 04",,No,No,,No,No,No,No,,,,,,,,,No,N/A,Earth,Earth,,,28,10,28,28,25-50 feet,7130,,1938,1930-1939,,16400,16400,2560,427,17.8,12600,,,,,,,,,01/29/2025,,,Low,Not Rated,,,,Not Required,,No,https://damsafety.org/arkansas,No
Nishisakawick Creek Dam,,,NJ00129,,NJ00129,The Salvation Army,Private,Private,0,No,,,Recreation,Recreation,New Jersey,24-68,40.60113333333334,-75.00678333333333,New Jersey,Hunterdon,Everittstown,,Nishisakwick Creek,"New Jersey, Congressional District 07",,Yes,Yes,Njdep,Yes,Yes,Yes,No,,,,,,,,,No,N/A,Earth,Earth;Gravity,,,23,,,23,Less than 25 feet,603,,1930,1930-1939,,93,93,70,7,0.83,326,,,,,,,,,06/18/2026,07/19/2016,4,Low,Fair,07/19/2016,,,Not Required,,No,https://damsafety.org/new-jersey,No
Green Pond Reservoir Dam,,,NJ00335,,NJ00335,Department of the Army,Federal,Federal,,No,,,Recreation,Recreation,New Jersey,22-186,40.98786666666667,-74.51441666666666,New Jersey,Morris,,,Green Pond Brook,"New Jersey, Congressional District 11",,Yes,Yes,Njdep,Yes,Yes,Yes,No,,,,,,,,,No,N/A,Other,Other,,,15,,,15,Less than 25 feet,550,,,Undetermined,,450,,450,460,1.8,21,,,,,,,,,06/18/2026,,4,Low,,,,,Not Required,,No,https://damsafety.org/new-jersey,No
Spring Creek Catchment Ar,,,ND00496,,ND00496,USACE,Federal,Federal,0,No,NDGF,No,Fish and Wildlife Pond,Fish and Wildlife Pond,North Dakota,,46.0194,-103.28892,North Dakota,Bowman,N,0,Spring Creek,"North Dakota, Congressional District 00",,Yes,Yes,Nd Dwr,Yes,Yes,Yes,No,,,,,,,,,No,N/A,Earth,Earth,Earth,Soil,7,,,7,Less than 25 feet,1500,0,1991,1990-1999,,85,85,44.3,20.6,0.29,,Uncontrolled,500,,,,,,None,02/16/2023,,,Low,Not Rated,,,,Not Required,,No,https://damsafety.org/north-dakota,No
Wakefield Lake Dam #1,,,NC00883,,NC00883,"US Army Corps of Engineers, Falls Lake",Federal,Federal,0,No,,,Irrigation,Irrigation;Recreation,North Carolina,WAKE-056,35.955,-78.581,North Carolina,Wake,,0,Jenny Branch,"North Carolina, Congressional District 13",,No,No,,No,No,No,No,,,,,,,,,No,N/A,Earth,Earth,,,,30,35,35,25-50 feet,390,,1952,1950-1959,,260,260,216,15,0.91,202,,,,,,,,,06/16/2026,04/23/1993,,Low,,04/23/1993,,,No,,No,https://damsafety.org/north-carolina,No
Corps of Engineers Dam 7748,,,NE07748,,NE07748,United States Army Corps of Engineers,Federal,Federal,0,No,UNKNOWN,No,"Fire Protection, Stock, Or Small Fish Pond","Fire Protection, Stock, Or Small Fish Pond",Nebraska,,40.01579725,-99.31398745,Nebraska,Harlan,None,0,Tr-Republican River,"Nebraska, Congressional District 03",,Yes,Yes,Ne Dwee,Yes,Yes,Yes,No,,,,,,,,,No,N/A,Earth,Earth,Earth,Soil,17,17,17,17,Less than 25 feet,335,,1980,1980-1989,,142.1,142.1,22.7,7,2.81,913,,,,,,,,,05/21/2026,07/24/2023,5,Low,Poor,08/30/2023,,,Not Required,,No,https://damsafety.org/nebraska,No
Horton's Pond Dam,,,NC06282,,NC06282,"US Army Corps of Engineers, Piedmont Operations",Federal,Federal,,No,,,Other,Other,North Carolina,CHATH-085,35.7602,-78.9836,North Carolina,Chatham,,,Mill Branch,"North Carolina, Congressional District 09",,No,No,,No,No,No,No,,,,,,,,,No,N/A,Other,Other,,,,,,0,Undetermined,,,,Undetermined,,0,,,,,,,,,,,,,,06/16/2026,03/06/2023,,High,Poor,03/06/2023,,,No,,No,https://damsafety.org/north-carolina,No
Colvard Farms Dam,,,NC06613,,NC06613,"US Army Corps of Engineers, Falls Lake",Federal,Federal,,No,,,Other,Other,North Carolina,DURHA-142,35.8651,-78.9745,North Carolina,Chatham,,,UT to New Hope Creek,"North Carolina, Congressional District 04",,No,No,,No,No,No,No,,,,,,,,,No,,Other,Other,,,,,,0,Undetermined,,,,Undetermined,,0,,,,,,,,,,,,,,06/16/2026,,,High,,,,,No,,No,https://damsafety.org/north-carolina,No
Kimball Bottoms Spillway,,,ND00488,,ND00488,US Corps Of Engineers,Federal,Federal,0,No,NDGF,No,Fish and Wildlife Pond,Fish and Wildlife Pond,North Dakota,,46.67353,-100.70867,North Dakota,Burleigh,N,0,Missouri River-TR,"North Dakota, Congressional District 00",,Yes,Yes,Nd Dwr,Yes,Yes,Yes,No,,,,,,,,,No,N/A,Earth,Earth,Earth,Soil,7,,,7,Less than 25 feet,0,0,1987,1980-1989,,270,270,120,54,0.22,,Uncontrolled,40,,,,,,None,02/16/2023,,,Low,Not Rated,,,,Not Required,,No,https://damsafety.org/north-dakota,No
Naval Ammo Depot Dam,,,NE03020,,NE03020,United States Army Corps of Engineers,Federal,Federal,0,No,Miller & Associates,No,Other,Other,Nebraska,,40.54290688,-98.26079048,Nebraska,Clay,Glenville,3,Big Sandy Creek,"Nebraska, Congressional District 03",,Yes,Yes,Ne Dwee,Yes,Yes,Yes,No,,,,,,,,,No,N/A,Earth,Earth,Earth,Soil,12,12,16,16,Less than 25 feet,800,,1950,1950-1959,2014,373.2,373.2,13.7,11.2,5.91,1054,,,,,,,,,05/21/2026,04/08/2025,5,Low,Satisfactory,08/14/2025,,,Not Required,,No,https://damsafety.org/nebraska,No
Happy Acres Dam,Rychlings Pond,,CT00464,,CT00464,The Salvation Army,Private,Private,0,No,,No,Recreation,Recreation,Connecticut,303,41.867654,-72.207035,Connecticut,Windham,Ashford,1,Lowry Brook,"Connecticut, Congressional District 02",,Yes,Yes,Deep,Yes,Yes,Yes,No,,,,,,,,,No,N/A,Earth,Earth,Earth,Unlisted/Unknown,20,16,20,20,Less than 25 feet,230,,1973,1970-1979,2013,1000,1000,410,90,1.15,230,Controlled,,,,,,,Other Controlled,04/17/2026,04/22/2020,5,Significant,Satisfactory,04/22/2020,Normal Operations,04/17/2026,Yes,02/01/2013,No,https://damsafety.org/connecticut,No
Spring Creek Dam Wma,,,ND00497,,ND00497,USACE,Federal,Federal,0,No,NDGF & DU,No,Fish and Wildlife Pond,Fish and Wildlife Pond;Other,North Dakota,,46.02303,-103.29408,North Dakota,Bowman,N,0,Spring Creek,"North Dakota, Congressional District 00",,Yes,Yes,Nd Dwr,Yes,Yes,Yes,No,,,,,,,,,No,N/A,Earth,Earth,Earth,Soil,11,,,11,Less than 25 feet,600,0,1991,1990-1999,,100,100,60,30,0.29,,Uncontrolled,500,,,,,,Vertical Lift1,02/16/2023,,,Low,Not Rated,,,,Not Required,,No,https://damsafety.org/north-dakota,No
Mallard Island Gma #6,,,ND00434,,ND00434,USACE,Federal,Federal,0,No,NDGF,No,Fish and Wildlife Pond,Fish and Wildlife Pond,North Dakota,,47.56178,-101.28918,North Dakota,McLean,N,0,Lake Sakakawea-TR,"North Dakota, Congressional District 00",,Yes,Yes,Nd Dwr,Yes,Yes,Yes,No,,,,,,,,,No,N/A,Earth,Earth,Earth,Soil,8,,,8,Less than 25 feet,0,0,1988,1980-1989,,125,125,67.1,17.4,0.27,,Uncontrolled,30,,,,,,None,02/16/2023,,,Low,Not Rated,,,,Not Required,,No,https://damsafety.org/north-dakota,No
Audubon Nwr-Impoundment 2,,,ND00514,,ND00514,USACE,Federal,Federal,0,No,USFWS,No,Fish and Wildlife Pond,Fish and Wildlife Pond,North Dakota,,47.55819,-101.11314,North Dakota,McLean,N,0,Lake Audubon-TR,"North Dakota, Congressional District 00",,Yes,Yes,Nd Dwr,Yes,Yes,Yes,No,,,,,,,,,No,N/A,Earth,Earth,Earth,Soil,13,,,13,Less than 25 feet,650,0,1979,1970-1979,,450,450,450,110,0,,None,0,,,,,,None,02/16/2023,,,Low,Not Rated,,,,Not Required,,No,https://damsafety.org/north-dakota,No
Cold Spring Lake Dam,,,NJ00226,,NJ00226,Salvation Army,Private,Private,0,No,,,Recreation,Recreation,New Jersey,22-19,41.01286666666667,-74.35126666666666,New Jersey,Passaic,Bloomingdale,,Peaquannock RIver,"New Jersey, Congressional District 05",,Yes,Yes,Njdep,Yes,Yes,Yes,No,,,,,,,,,No,N/A,Earth,Earth;Gravity,,,16,,,16,Less than 25 feet,300,,1890,Before 1900,,128,128,72,9,2.27,4123,,,,,,,,,06/18/2026,04/23/2025,2,Significant,Satisfactory,04/23/2025,Normal Operations,10/22/2022,Yes,07/13/2018,No,https://damsafety.org/new-jersey,No
Lake Audubon Site 6,,,ND00600,,ND00600,US Corps Of Engineers,Federal,Federal,0,No,USACE,No,Fish and Wildlife Pond,Fish and Wildlife Pond,North Dakota,,47.62329,-101.13991,North Dakota,McLean,N,0,Lake Audubon,"North Dakota, Congressional District 00",,Yes,Yes,Nd Dwr,Yes,Yes,Yes,No,,,,,,,,,No,N/A,Earth,Earth,Earth,Soil,7,,,7,Less than 25 feet,0,0,1993,1990-1999,,50.5,50.5,24.2,11.5,0.52,,Uncontrolled,10,,,,,,None,02/16/2023,,,Low,Not Rated,,,,Not Required,,No,https://damsafety.org/north-dakota,No
Sanish Bay Wpa 1,,,ND00597,,ND00597,USACE,Federal,Federal,0,No,USACE,No,Fish and Wildlife Pond,Fish and Wildlife Pond,North Dakota,,47.97959,-102.5116,North Dakota,Mountrail,N,0,Sanish Bay,"North Dakota, Congressional District 00",Fort Berthold Reservation,Yes,Yes,Nd Dwr,Yes,Yes,Yes,No,,,,,,,,,No,N/A,Earth,Earth,Earth,Soil,28,,,28,25-50 feet,0,0,1995,1990-1999,,2861,2861,62.5,22.1,10.8,,Controlled,0,,,,,,Vertical Lift1,02/16/2023,,,Low,Not Rated,,,,Not Required,,No,https://damsafety.org/north-dakota,No
De Trobriand Gma 4,,,ND00429,,ND00429,Corps Of Engineers,Federal,Federal,0,No,NDGF,No,Fish and Wildlife Pond,Fish and Wildlife Pond,North Dakota,,47.60789,-101.37638,North Dakota,McLean,N,0,Lake Sakakawea-TR,"North Dakota, Congressional District 00",,Yes,Yes,Nd Dwr,Yes,Yes,Yes,No,,,,,,,,,No,N/A,Earth,Earth,Earth,Soil,11,,,11,Less than 25 feet,300,3233,1986,1980-1989,,56.9,56.9,56.9,12.3,0.05,,Uncontrolled,100,,,,,,None,02/16/2023,,,Low,Not Rated,,,,Not Required,,No,https://damsafety.org/north-dakota,No
Audubon Nwr-Impoundment 1,,,ND00513,,ND00513,US Corps Of Engineers,Federal,Federal,0,No,USFWS,No,Fish and Wildlife Pond,Fish and Wildlife Pond,North Dakota,,47.58349,-101.10768,North Dakota,McLean,N,0,Lake Audubon-TR,"North Dakota, Congressional District 00",,Yes,Yes,Nd Dwr,Yes,Yes,Yes,No,,,,,,,,,No,N/A,Earth,Earth,Earth,Soil,13,,,13,Less than 25 feet,700,0,1979,1970-1979,,120,120,120,30,0,,None,0,,,,,,None,02/16/2023,,,Low,Not Rated,,,,Not Required,,No,https://damsafety.org/north-dakota,No
De Trobriand Gma 5,,,ND00451,,ND00451,US Corps Of Engineers,Federal,Federal,0,No,NDGF,No,Fish and Wildlife Pond,Fish and Wildlife Pond,North Dakota,,47.59435,-101.36965,North Dakota,McLean,N,0,Lake Sakakawea-TR,"North Dakota, Congressional District 00",,Yes,Yes,Nd Dwr,Yes,Yes,Yes,No,,,,,,,,,No,N/A,Earth,Earth,Earth,Soil,12,,,12,Less than 25 feet,800,0,1989,1980-1989,,250,250,84.3,29.6,0.16,,Uncontrolled,60,,,,,,None,02/16/2023,,,Low,Not Rated,,,,Not Required,,No,https://damsafety.org/north-dakota,No
De Trobriand Gma 1,,,ND00427,,ND00427,US Corps Of Engineers,Federal,Federal,0,No,NDGF,No,Fish and Wildlife Pond,Fish and Wildlife Pond,North Dakota,,47.62337,-101.29454,North Dakota,McLean,N,0,Lake Sakakawea-TR,"North Dakota, Congressional District 00",,Yes,Yes,Nd Dwr,Yes,Yes,Yes,No,,,,,,,,,No,N/A,Earth,Earth,Earth,Soil,17,,,17,Less than 25 feet,265,5415,1986,1980-1989,,55.8,55.8,55.8,10.7,1.89,,Uncontrolled,30,,,,,,None,02/16/2023,,,Low,Not Rated,,,,Not Required,,No,https://damsafety.org/north-dakota,No
Star Lake Upper Dam,,,NJ00221,,NJ00221,Salvation Army,Private,Private,0,No,,,Recreation,Recreation,New Jersey,22-52,41.022816666666664,-74.35018333333333,New Jersey,Passaic,,,Pequannock River-TR,"New Jersey, Congressional District 05",,Yes,Yes,Njdep,Yes,Yes,Yes,No,,,,,,,,,No,N/A,Earth,Earth;Gravity,,,11,,,11,Less than 25 feet,200,,1900,1900-1909,,150,150,115,16,1.1,35,,,,,,,,,06/18/2026,04/23/2025,2,High,Satisfactory,04/23/2025,Normal Operations,10/22/2022,Yes,07/13/2018,No,https://damsafety.org/new-jersey,No
Audubon Nwr-Impoundment 3,,,ND00515,,ND00515,US Corps Of Engineers,Federal,Federal,0,No,USFWS,No,Fish and Wildlife Pond,Fish and Wildlife Pond,North Dakota,,47.56171,-101.15602,North Dakota,McLean,N,0,Lake Audubon-TR,"North Dakota, Congressional District 00",,Yes,Yes,Nd Dwr,Yes,Yes,Yes,No,,,,,,,,,No,N/A,Earth,Earth,Earth,Soil,12,,,12,Less than 25 feet,400,0,1979,1970-1979,,540,540,540,108,0,,None,0,,,,,,None,02/16/2023,,,Low,Not Rated,,,,Not Required,,No,https://damsafety.org/north-dakota,No
St. Regis Pond Dam,,,GA02806,,GA02806,US Army,Federal,Federal,0,No,UNKNOWN,No,Recreation,Recreation,Georgia,026-006-03026,32.243417,-84.862278,Georgia,Chattahoochee,Cusseta,,Unknown,"Georgia, Congressional District 02",,No,No,,No,No,No,No,,,,,,,,,No,N/A,Earth,Earth,Unlisted/Unknown,Unlisted/Unknown,28,23,,28,25-50 feet,305,,1930,1930-1939,,74,74,66,6,90,,Uncontrolled,,,,,,,Uncontrolled,04/20/2021,08/01/2012,,Low,Not Rated,,,,Not Required,,No,https://damsafety.org/georgia,No
Mathes ,Mathes Lake,,IA00019,,IA00019,Iowa Army Ammunition Plant,Federal,Federal,0,No,DoD,No,Recreation,Recreation,US Army,IA00019,40.7816369086503,-91.2524130754172,Iowa,Des Moines,Ft. Madison,18,Long Creek,"Iowa, Congressional District 01",,No,No,,No,No,No,Yes,US Army,US Army,US Army,US Army,US Army,US Army,US Army,,No,N/A,Earth,Earth,Earth,Rock,64,27,64,64,51-100 feet,1120,433493.3,1941,1940-1949,,1440,1440,1220,74.3,,15000,Uncontrolled,75,0,0,0,,,,04/07/2025,10/11/2016,4,Low,Poor,10/11/2016,,,Yes,11/01/2007,No,https://www.army.mil/,No
New Jersey No Name # 3 Dam,,,NJ00005,,NJ00005,Department of the Army,Federal,Federal,,No,,,Recreation,Recreation,New Jersey,31-122,39.8641,-75.1939,New Jersey,Gloucester,,,Woodbury Creek-OFFSTREAM,"New Jersey, Congressional District 01",,Yes,Yes,Njdep,Yes,Yes,Yes,No,,,,,,,,,No,N/A,Earth,Earth;Gravity,,,25,,,25,25-50 feet,11500,,,Undetermined,,1600,,1600,75,300,,,,,,,,,,06/18/2026,,4,Low,,,,,Not Required,,No,https://damsafety.org/new-jersey,No
Cone Reservoir,Cone Reservoir,,AL00915,,AL00915,Anniston Army Depot,Federal,Federal,0,No,USDA NRCS,No,Recreation,"Recreation;Fire Protection, Stock, Or Small Fish Pond",US Army,AL00915,33.6283299699425,-85.9999999869614,Alabama,Calhoun,Lincoln AL,15,Estaboga Creek,"Alabama, Congressional District 03",,No,No,,No,No,No,Yes,US Army,US Army,US Army;Natural Resources Conservation Service,US Army,US Army,US Army,US Army,,No,N/A,Earth,Earth,Earth,Soil,49,49,53,53,51-100 feet,439,,1968,1960-1969,2003,867,867,408,32,0.92,4083,Uncontrolled,52,0,0,0,,,,08/23/2023,03/22/2021,4,High,Unsatisfactory,06/28/2016,,,Yes,06/13/2016,No,https://www.army.mil/,No
Stump Lake ,Stump Lake,,IA04147,,IA04147,Iowa Army Ammunition Plant,Federal,Federal,1,No,DoD,No,Recreation,Recreation,US Army,IA04147,40.8027500007301,-91.2761500384658,Iowa,Des Moines,Middleton,1.8,Long Creek,"Iowa, Congressional District 01",,No,No,,No,No,No,Yes,US Army,US Army,US Army,US Army,US Army,US Army,US Army,,No,N/A,Earth,Earth,Earth,Rock,29,29,29,29,25-50 feet,1025,,1941,1940-1949,2002,650,650,,11.4,2.5,,Uncontrolled,,0,0,0,,,,08/23/2023,10/11/2016,4,Low,Satisfactory,10/11/2016,,,Yes,11/01/2007,No,https://www.army.mil/,No
St. Stephen Powerhouse Dam - North Intake Canal Dike ,,,SC82201,S001,SC82201S001,USACE - Charleston District,Federal,Federal,,Yes,,No,,,US Army Corps of Engineers,SC82201S001,33.426678,-79.934914,South Carolina,Berkeley,,,,"South Carolina, Congressional District 01",,No,No,,No,No,No,Yes,US Army Corps of Engineers,US Army Corps of Engineers,US Army Corps of Engineers,US Army Corps of Engineers,US Army Corps of Engineers,US Army Corps of Engineers,US Army Corps of Engineers,,,,Earth,Earth,,,30,,,30,25-50 feet,2370,,,Undetermined,,1405570,1405570,1055150,,,,,,,,,,,,12/04/2025,02/22/2023,5,High,Not Available,,Not Applicable,11/20/2025,Yes,03/14/2025,Yes,https://www.usace.army.mil/Missions/Civil-Works/Dam-Safety-Program/Article/2870967/dam-safety-program/,No
St. Stephen Powerhouse Dam - South Intake Canal Dike ,,,SC82201,S002,SC82201S002,USACE - Charleston District,Federal,Federal,,Yes,,No,,,US Army Corps of Engineers,SC82201S002,33.423656,-79.930838,South Carolina,Berkeley,,,,"South Carolina, Congressional District 01",,No,No,,No,No,No,Yes,US Army Corps of Engineers,US Army Corps of Engineers,US Army Corps of Engineers,US Army Corps of Engineers,US Army Corps of Engineers,US Army Corps of Engineers,US Army Corps of Engineers,,,,Earth,Earth,,,30,,,30,25-50 feet,2370,,,Undetermined,,1405570,1405570,1055150,,,,,,,,,,,,12/04/2025,02/22/2023,5,High,Not Available,,Not Applicable,11/20/2025,Yes,03/14/2025,Yes,https://www.usace.army.mil/Missions/Civil-Works/Dam-Safety-Program/Article/2870967/dam-safety-program/,No
De Trobriand Gma 8,Wolf Creek Gma 1,,ND00402,,ND00402,US Corps Of Engineers,Federal,Federal,0,No,NDGF,No,Fish and Wildlife Pond,Fish and Wildlife Pond,North Dakota,,47.61252,-101.2945,North Dakota,McLean,N,0,Lake Sakakawea-TR,"North Dakota, Congressional District 00",,Yes,Yes,Nd Dwr,Yes,Yes,Yes,No,,,,,,,,,No,N/A,Earth,Earth,Earth,Soil,7,,,7,Less than 25 feet,3600,42000,1981,1980-1989,,260.6,260.6,260.6,25,0.05,,None,0,,,,,,,02/16/2023,,,Low,Not Rated,,,,Not Required,,No,https://damsafety.org/north-dakota,No
Caney Creek ,Caney Creek Reservoir,,TX00362,,TX00362,Red River Army Depot,Federal,Federal,0,No,Prack & Prack Archite,No,Water Supply,Water Supply,US Army,TX00362,33.4033300168812,-94.318330027163,Texas,Bowie,Redwater   TX,7,Caney Creek,"Texas, Congressional District 04",,No,No,,No,No,No,Yes,US Army,US Army,US Army,US Army,US Army,US Army,US Army,,No,N/A,Earth,Earth,Earth,Soil,30,18,23,30,25-50 feet,2575,156000,1942,1940-1949,,1820,1820,1340,206,7.34,15573,Uncontrolled,250,0,0,0,,,Uncontrolled,08/23/2023,10/15/2019,4,Low,Poor,08/25/2009,,,Yes,08/01/2004,No,https://www.army.mil/,No
Mallard Islandgma 4;5;7,,Wolf Creek Gma 3,ND00433,,ND00433,USACE,Federal,Federal,0,No,NDGF,No,Fish and Wildlife Pond,Fish and Wildlife Pond,North Dakota,,47.57997,-101.28917,North Dakota,McLean,N,0,Lake Sakakawea-TR,"North Dakota, Congressional District 00",,Yes,Yes,Nd Dwr,Yes,Yes,Yes,No,,,,,,,,,No,N/A,Earth,Earth,Earth,Soil,8,,,8,Less than 25 feet,0,0,1988,1980-1989,,279,279,175,48.2,0.28,,Uncontrolled,20,,,,,,None,02/16/2023,,,Low,Not Rated,,,,Not Required,,No,https://damsafety.org/north-dakota,No
Elliott Creek ,Elliott Creek Reservoir,,TX00363,,TX00363,Red River Army Depot,Federal,Federal,0,No,Gieb   La Roche  Dahl,No,Recreation,Recreation,US Army,TX00363,33.3816700056195,-94.2600000277161,Texas,Bowie,Redwater   TX,2,Elliott Creek,"Texas, Congressional District 01",,No,No,,No,No,No,Yes,US Army,US Army,US Army,US Army,US Army,US Army,US Army,,No,N/A,Earth,Earth,Earth,Soil,44,32,42,44,25-50 feet,1850,210000,1942,1940-1949,1996,1928,1928,1928,260,8.74,15584,Uncontrolled,300,0,0,0,,,Valve,08/23/2023,10/15/2019,4,Low,Fair,08/26/2009,,,Yes,08/01/2004,No,https://www.army.mil/,No
Cat Creek ,Cat Creek Reservoir,,NV10101,,NV10101,Hawthorne Army Depot,Federal,Federal,0,No,DOI BR;Re Layton & A,No,Water Supply,Water Supply,US Army,NV10101,38.5455479845404,-118.712706528604,Nevada,Mineral,Hawthorne Army Depot,2.2,Cat Creek,"Nevada, Congressional District 04",,No,No,,No,No,No,Yes,US Army,US Army,US Army;Bureau of Reclamation,US Army,US Army,US Army,US Army,,No,N/A,Arch,Arch;Concrete,Concrete,Rock,100,97,123,123,Greater than 100 feet,235,6720,1932,1930-1939,1958,155,155,155,7,17,375,Uncontrolled,50,0,0,0,,,Slide (sluice gate);Valve;Valve,08/23/2023,10/02/2022,4,High,Unsatisfactory,10/02/2022,,,Yes,10/02/2007,No,https://www.army.mil/,No
Rose Creek ,Rose Creek Reservoir,,NV10102,,NV10102,Hawthorne Army Depot,Federal,Federal,0,No,DOD USN;DOI BR,No,Water Supply,Water Supply,US Army,NV10102,38.5874741803854,-118.748267171904,Nevada,Mineral,Hawthorne Army Depot,0,Rose Creek Os,"Nevada, Congressional District 04",,No,No,,No,No,No,Yes,US Army,US Army,US Army;US Navy;Bureau of Reclamation,US Army,US Army,US Army,US Army,,No,N/A,Earth,Earth;Concrete,Earth,Unlisted/Unknown,18,15,18,18,Less than 25 feet,582,4475,1938,1930-1939,,147,147,92,9,,13,Uncontrolled,31,0,0,0,,,Valve,08/23/2023,10/03/2022,4,Significant,Not Rated,10/03/2022,,,Yes,10/03/2007,No,https://www.army.mil/,No
"Great Falls Dam, Lock No. 20","C&O Canal, Great Falls Tavern, Mollys Wall",,MD00410,,MD00410,"US Army Corps of Engineers,Washington Aqueduct Div",Federal,Federal,0,No,,No,Navigation,Navigation;Other,Maryland,410,39.001693,-77.24927,Maryland,Montgomery,,0,C&O Canal,"Maryland, Congressional District 08",,No,No,,Yes,Yes,Yes,No,,,,,,,,,No,N/A,Masonry,Masonry,,,8,,,8,Less than 25 feet,,,1850,Before 1900,1980,51,51,,,,,,,,,,,,,02/11/2025,09/30/1996,,Low,,,,,No,,No,https://damsafety.org/maryland,No
Black Beauty ,Black Beauty Reservoir,,NV10103,,NV10103,Hawthorne Army Depot,Federal,Federal,0,No,DOD USN,No,Water Supply,Water Supply,US Army,NV10103,38.5406219400465,-118.696657950058,Nevada,Mineral,Hawthorne Army Depot,1.2,Cat  Rose  Cottonwood  Squaw Creeks ,"Nevada, Congressional District 04",,Yes,Yes,Nevada Dwr,Yes,Yes,Yes,Yes,US Army,US Army,US Army;US Navy,US Army,US Army,US Army,US Army,,No,N/A,Earth,Earth,Earth,Rock;Soil,52,50,52,52,51-100 feet,1700,237160,1952,1950-1959,1955H;1957H,147,147,130,5.5,,30,Uncontrolled,3,0,0,0,,,Valve,06/17/2025,10/01/2022,4,High,Not Rated,10/01/2022,,,Yes,10/01/2007,No,https://www.army.mil/,No
Lake Buck ,Lake Buck,Lake Buck,KY00848,,KY00848,Blue Grass Army Depot,Federal,Federal,0,No,W. D. Gentry,No,Recreation,"Recreation;Fire Protection, Stock, Or Small Fish Pond;Fish and Wildlife Pond",US Army,KY00848,37.6686801295727,-84.24851,Kentucky,Madison,Kingston,1,Hayes Fork,"Kentucky, Congressional District 06",,Yes,Yes,KY Division of Water,Yes,Yes,Yes,Yes,US Army,US Army,US Army,US Army,US Army,US Army,US Army,,No,N/A,Earth,Earth,Unlisted/Unknown,Unlisted/Unknown,22,22,22,22,Less than 25 feet,500,,1969,1960-1969,1993,480,150,480,11.7,,,Controlled,12,0,0,0,,,Other Controlled,08/23/2023,11/24/2020,4,Low,Poor,11/24/2020,,,Yes,08/10/2009,No,https://www.army.mil/,No
Lake Gem ,Lake Gem,Lake Gem,KY00849,,KY00849,Blue Grass Army Depot,Federal,Federal,0,No,W. D. Gentry,No,Recreation,"Recreation;Fire Protection, Stock, Or Small Fish Pond;Fish and Wildlife Pond",US Army,KY00849,37.6647778507322,-84.2408737074583,Kentucky,Madison,Kingston,1,Hayes Fork,"Kentucky, Congressional District 06",,Yes,Yes,KY Division of Water,Yes,Yes,Yes,Yes,US Army,US Army,US Army,US Army,US Army,US Army,US Army,,No,N/A,Earth,Earth,Unlisted/Unknown,Unlisted/Unknown,25,25,25,25,25-50 feet,500,,1974,1970-1979,1995,592,247,592,7.15,,,Controlled,30,0,0,0,,,Valve,08/23/2023,11/24/2020,4,Low,Poor,11/24/2020,,,Yes,08/11/2009,No,https://www.army.mil/,No
Little Falls Dam - Potomac River,Potomac River;Potomac River Dam #1,,MD00022,,MD00022,"US Army Corps of Engineers,Washington Aqueduct Div",Federal,Federal,0,No,US Army Corps of Engineers,No,Water Supply,Water Supply;Other,Maryland,22,38.9484,-77.1296,Maryland,Montgomery,"Washington, DC",,Potomac River,"Maryland, Congressional District 08",,No,No,,Yes,Yes,Yes,No,,,,,,,,,No,N/A,Gravity,Gravity,,Rock,12,,,12,Less than 25 feet,1300,,1958,1950-1959,1986H,13360,13360,1008,167.9,11430,484000,Uncontrolled,1300,,,,,,None,02/11/2025,12/04/2013,,Low,,,,,No,,No,https://damsafety.org/maryland,No
Lake Vega ,Lake Vega,Lake Vega,KY00028,,KY00028,Blue Grass Army Depot,Federal,Federal,0,No,Hart Freeland Roberts,No,Flood Risk Reduction,"Flood Risk Reduction;Fire Protection, Stock, Or Small Fish Pond;Fish and Wildlife Pond;Recreation;Water Supply",US Army,KY00028,37.7016699593514,-84.2166700400412,Kentucky,Madison,Elliston,10.2,Muddy Creek ,"Kentucky, Congressional District 06",,Yes,Yes,KY Division of Water,Yes,Yes,Yes,Yes,US Army,US Army,US Army,US Army,US Army,US Army,US Army,,No,N/A,Earth,Earth,Earth,Rock,48,48,48,48,25-50 feet,890,,1943,1940-1949,2009,1840,1840,1840,140,3.76,,Controlled,135,0,0,0,,,Other Controlled,08/23/2023,11/24/2020,4,High,Poor,11/24/2020,,,Yes,10/01/2009,No,https://www.army.mil/,No
East Fork Grand River Watershed Site B-67,Efgr Pt 12b,,IA04166,,IA04166,Ringdec Corps & Ringgold County SWCD,Local Government,Local Government,0,No,USDA NRCS,No,Flood Risk Reduction,Flood Risk Reduction;Grade Stabilization;Fish and Wildlife Pond;Recreation,Iowa,4166,40.6109,-94.2388,Iowa,Ringgold,State of MO,3,Trib to E. Fork Grand River,"Iowa, Congressional District 03",,Yes,Yes,Iowa DNR,Yes,Yes,Yes,No,,Natural Resources Conservation Service,Natural Resources Conservation Service,Natural Resources Conservation Service,,Natural Resources Conservation Service,,,Yes,Watershed Protection and Flood Prevention Act of 1954 (Public Law 83-566),Earth,Earth,Earth,Soil,28,,,28,25-50 feet,550,24208,2010,Since 2000,,140,140,42,8,0.43,275,,38,,,,,,None,03/06/2025,,,Low,Not Rated,,,,Not Required,,No,https://damsafety.org/iowa,No
Elk City Dam - Quaker Cemetery Levee,Elk City Lake,,KS00002,S003,KS00002S003,USACE - Tulsa District,Federal,Federal,0,Yes,,No,Flood Risk Reduction,Flood Risk Reduction,US Army Corps of Engineers,KS00002S003,37.239667,-95.823644,Kansas,Montgomery,,,,"Kansas, Congressional District 02",,No,No,,No,No,No,Yes,US Army Corps of Engineers,US Army Corps of Engineers,US Army Corps of Engineers,US Army Corps of Engineers,US Army Corps of Engineers,US Army Corps of Engineers,US Army Corps of Engineers,US Army Corps of Engineers,,,Earth,Earth,,,7,,,7,Less than 25 feet,,,,Undetermined,,94800,94800,0,,,,,,,,,,,,08/20/2026,04/01/2025,,Low,,,Normal Operations,11/20/2025,Yes,03/26/2025,No,,No
Richard B. Russell Dam - Saddle Dike,,,GA01705,S001,GA01705S001,USACE - Savannah District,Federal,Federal,0,Yes,CESAS,No,Hydroelectric,Hydroelectric;Other;Fish and Wildlife Pond;Recreation;Water Supply;Flood Risk Reduction,US Army Corps of Engineers,GA01705S001,34.023832,-82.583695,Georgia,Abbeville,Calhoun Falls,8,Savannah River,"South Carolina, Congressional District 03",,No,No,,No,No,No,Yes,US Army Corps of Engineers,US Army Corps of Engineers,US Army Corps of Engineers,US Army Corps of Engineers,US Army Corps of Engineers,US Army Corps of Engineers,US Army Corps of Engineers,US Army Corps of Engineers,,,Earth,Earth,Earth,Rock,25,25,25,25,25-50 feet,1070,0,1986,1980-1989,,1488166,1488166,1026200,0,0,0,None,0,0,0,0,,,None0,12/04/2025,06/23/2021,5,High,Not Available,,Normal Operations,11/20/2025,Yes,07/14/2022,Yes,https://www.sas.usace.army.mil/About/Divisions-and-Offices/Operations-Division/Richard-B-Russell-Dam-and-Lake/,No
Hartwell Dam - Saddle Dike 1,,,GA01702,S001,GA01702S001,USACE - Savannah District,Federal,Federal,0,Yes,CESAS,No,Hydroelectric,Hydroelectric;Other;Fish and Wildlife Pond;Recreation;Water Supply;Flood Risk Reduction,US Army Corps of Engineers,GA01702S001,34.3372442720001,-82.838106091,Georgia,Hart,Hartwell,7,Savannah River,"Georgia, Congressional District 10",,No,No,,No,No,No,Yes,US Army Corps of Engineers,US Army Corps of Engineers,US Army Corps of Engineers,US Army Corps of Engineers,US Army Corps of Engineers,US Army Corps of Engineers,US Army Corps of Engineers,US Army Corps of Engineers,,,Earth,Earth,Earth,Rock,34,34,34,34,25-50 feet,2580,0,1962,1960-1969,,3438700,3438700,2550000,0,0,0,None,0,0,0,0,,,None0,09/16/2026,04/28/2017,5,High,Not Available,,Normal Operations,11/20/2025,Yes,07/14/2022,Yes,https://www.sas.usace.army.mil/About/Divisions-and-Offices/Operations-Division/Hartwell-Dam-and-Lake/,No
Hartwell Dam - Saddle Dike 2,,,GA01702,S002,GA01702S002,USACE - Savannah District,Federal,Federal,0,Yes,CESAS,No,Hydroelectric,Hydroelectric;Other;Fish and Wildlife Pond;Recreation;Water Supply;Flood Risk Reduction,US Army Corps of Engineers,GA01702S002,34.36994352,-82.81443396,Georgia,Anderson,Hartwell,8,Savannah River,"South Carolina, Congressional District 03",,No,No,,No,No,No,Yes,US Army Corps of Engineers,US Army Corps of Engineers,US Army Corps of Engineers,US Army Corps of Engineers,US Army Corps of Engineers,US Army Corps of Engineers,US Army Corps of Engineers,US Army Corps of Engineers,,,Earth,Earth,Earth,,36,36,36,36,25-50 feet,1840,0,1962,1960-1969,,3438700,3438700,2550000,0,0,0,None,0,0,0,0,,,None0,09/16/2026,04/28/2017,5,High,Not Available,,Normal Operations,11/20/2025,Yes,07/14/2022,Yes,https://www.sas.usace.army.mil/About/Divisions-and-Offices/Operations-Division/Hartwell-Dam-and-Lake/,No
Bolivar Dam - East Sparta Levee,,,OH00004,S001,OH00004S001,USACE - Huntington District,Federal,Federal,0,Yes,,No,Flood Risk Reduction,Flood Risk Reduction,US Army Corps of Engineers,OH00004S001,40.6599900000001,-81.35679,Ohio,Stark,East Sparta,,Sandy Creek,"Ohio, Congressional District 06",,No,No,,No,No,No,Yes,US Army Corps of Engineers,US Army Corps of Engineers,US Army Corps of Engineers,US Army Corps of Engineers,US Army Corps of Engineers,US Army Corps of Engineers,US Army Corps of Engineers,US Army Corps of Engineers,,,Earth,Earth,,,25,,,25,25-50 feet,4000,,1938,1930-1939,,123446,123446,0,,,,,,,,,,,,07/31/2026,06/25/2021,5,High,Not Available,,Normal Operations,11/20/2025,Yes,08/12/2009,No,https://www.lrh.usace.army.mil/Missions/Civil-Works/Dam-Safety-Program/,No
Salamonie Dam - Lancaster Levee and Dike,Salamonie Lake,,IN03005,S001,IN03005S001,USACE - Chicago District,Federal,Federal,0,Yes,,No,Flood Risk Reduction,Flood Risk Reduction;Recreation,US Army Corps of Engineers,IN03005S001,40.746353733,-85.507675949,Indiana,Huntington,Lagro Ind,,Salamonie River,"Indiana, Congressional District 03",,No,No,,No,No,No,Yes,US Army Corps of Engineers,US Army Corps of Engineers,US Army Corps of Engineers,US Army Corps of Engineers,US Army Corps of Engineers,US Army Corps of Engineers,US Army Corps of Engineers,US Army Corps of Engineers,,,Earth,Earth,,,20,,,20,Less than 25 feet,2400,2069400,1966,1960-1969,,263600,263600,60700,2860,553,57200,None,0,0,0,0,,,Flap1,01/21/2026,08/05/2019,5,Low,Not Available,,Normal Operations,11/20/2025,Yes,09/05/2019,Yes,https://www.usace.army.mil/Missions/Civil-Works/Dam-Safety-Program/Article/2870967/dam-safety-program/,No
